{"pi314159":18000,"pi31415926":7500,"pi31415":6700,"pi3141":3900,"pi31416":3300,"pi3141592":2900,"pi3141592654":1500,"pi3.1416":1500,"pi3.14159":1500,"pi3.14":1500,"pi314159265":1500,"pi31415926535":1200,"pi314":1100,"pi3.1415":930,"pi3142":820,"pi3.141592":600,"pi31415927":510,"pi3rr3":430,"pi3":430,"pi314116":410,"pi3141592653":410,"pi314314":400,"pi3.141592654":400,"pi3dec":350,"pi314e271":350,"pi33p00r":300,"pi314pi":260,"pi38Gltz1U":240,"pi3141516":240,"pi333ro":230,"pi3pi3":230,"pi3en101lolipop":220,"pi3en101":210,"pi3.141":210,"pi314159261":210,"pi3.1415926":210,"pi3856021":200,"pi314158":200,"pi3141591":190,"pi341265":190,"pi3coma14":190,"pi31415926535897":180,"pi314159pi":180,"pi3145":170,"pi31415926pi":170,"pi3m4n":170,"pi31415pi":160,"pi314151":160,"pi3garson":150,"pi314159265359":150}