{"6.042963902":170,"6.022e23":160,"6.01.93":140,"6.00E":130,"6.0gekko17":130,"6.05.93":120,"6.025.206":100,"6.07031E":90,"6.02x1023":83,"6.05.1712":82,"6.02E":81,"6.01.1994":80,"6.04E":68,"6.00god":65,"6.07.1998":65,"6.023":60,"6.01E":60,"6.021023":60,"6.0powered":58,"6.06.1986slava":57,"6.02199E":56,"6.09E":55,"6.0Powerstroke":55,"6.05E":50}