{"6.43a":260,"6.43q":220,"6.43":210,"6.43123":180,"6.432":180,"6.46.4a":100,"6.41E":74,"6.43E":72,"6.42E":56,"6.40698E":53,"6.40E":53,"6.47E":51,"6.45E":50}