{"6.54321E":260,"6.54322E":190,"6.55957":170,"6.5612e":140,"6.5612E":130,"6.51E":110,"6.5.4.3.2.1.":110,"6.55E":91,"6.52E":87,"6.54E":83,"6.5x55":81,"6.5turbo":61,"6.50E":56,"6.5.09":54,"6.5inches":53}