{"6.66667E":480,"6.67E":310,"6.6.6.":230,"6.66E":180,"6.64E":110,"6.69E":89,"6.67x-11":88,"6.65544E":83,"6.60.6000":81,"6.6duramax":80,"6.61E":66,"6.6.1944":64,"6.66889E":64,"6.66666E":62,"6.6Litre":58,"6.6.6.6.6.":57,"6.6.06":57,"6.67789E":56,"6.6.gabi63":56,"6.62E":52}