{"5.0mustang":1200,"5.0stang":260,"5.04105E":200,"5.05E":100,"5.000@seznam.cz":100,"5.00m33-6":95,"5.000@SEZNAM.CZ":95,"5.00m33":91,"5.06.1848":86,"5.09.1996.2010.":82,"5.02016E":79,"5.01E":67,"5.06E":64,"5.0liter":63,"5.09E":63,"5.05010301":62,"5.080405":61,"5.02E":60,"5.08.01.":55,"5.00m334":52,"5.001.883":52,"5.00E":51,"5.08E":50,"5.0stangs":50}