{"5.149.212.198":430,"5.135.164.11":260,"5.11E":200,"5.12FVr":150,"5.11.2002":110,"5.135.18.227":110,"5.19.2k12":100,"5.135.186.229":100,"5.12.95.":96,"5.13E":93,"5.19E":85,"5.135.41.188":75,"5.15E":73,"5.157.44":73,"5.16E":72,"5.10.1992":71,"5.18519E":69,"5.1987":63,"5.11.93":63,"5.11.1962.":63,"5.13.70":62,"5.11024E":61,"5.12.1991":61,"5.10E":59,"5.11023E":54,"5.12.70":53,"5.10322E":51,"5.10106E":50,"5.10.2001qwe":50}