{"5.20131E":3300,"5.21131E":740,"5.21126E":590,"5.20521E":390,"5.21522E":300,"5.248.85.21":290,"5.248.87.67":240,"5.248.84.21":170,"5.2052E":170,"5.20E":150,"5.20123E":140,"5.26E":140,"5.21521E":130,"5.21E":130,"5.22E":120,"5.20199E":120,"5.23E":110,"5.25E":94,"5.20198E":82,"5.2.9.3.":75,"5.29974E":73,"5.28E":70,"5.27E":67,"5.21315E":67,"5.24E":61,"5.20531E":59,"5.21052E":54,"5.20652E":50,"5.20334E":50}