{"5.35461E":160,"5.3.1997qws97":160,"5.33752E":86,"5.3.1996":67,"5.30.10.24":66,"5.35E":64,"5.32E":63,"5.3.6.6.5.":61,"5.39E":59,"5.39.70.98":59,"5.33422E":54,"5.33E":51,"5.34E":50,"5.37E":50}