{"5.55556E":460,"5.56mm":300,"5.56E":280,"5.56nato":230,"5.56x45mm":190,"5.5.5.":190,"5.5.5.5.":120,"5.58E":110,"5.5.94":110,"5.58265E":100,"5.56656E":99,"5.52E":99,"5.54E":99,"5.5.1995":90,"5.57E":88,"5.56insas":84,"5.55E":80,"5.51E":77,"5.5.1994":72,"5.55552E":65,"5.53E":60,"5.5":52,"5.5.5.1":51}