{"5.8452E":390,"5.84521E":390,"5.84131E":360,"5.88115E":160,"5.88E":85,"5.8.2.4.":82,"5.83712E":67,"5.8.1975":65,"5.84512E":63,"5.84522E":62,"5.86E":62,"5.8ghz":60,"5.8humberrib":60,"5.82E":58,"5.85E":57,"5.83E":56,"5.80E":51}