{"M!sty540.771959":360,"M!sty540.772000":350,"M!sty540.772014":340,"M!sty540.771973":340,"M!sty540.772016":340,"M!sty5402012777771967":310,"M!sty5402012777771961":310,"M!sty5402012-123771977":310,"M!sty5402012-123771967":300,"M!sty540.qwe":120,"M!sty540":90,"M!sty540z24":84,"M!sty5402012":77,"M!sty540.a1":74,"M!sty5402d":73,"M!sty5402012-":59,"M!sty540.":54,"M!sty540.1":52,"M!sty540123q":51,"M!squam1cut":51,"M!sty540qt":50,"M!sty540-":50,"M!sty540zy":50}