{"9.01E":240,"9.00E":150,"9.05.1945":88,"9.05.ltdznjtvfz":80,"9.06.1995":79,"9.00131e":78,"9.0live":77,"9.04.1990.":77,"9.08E":71,"9.02E":67,"9.05.99":66,"9.01112E":62,"9.05rr04":60,"9.06.1961":57,"9.09091E":56,"9.05.10":54,"9.00925E":54,"9.07.94.":54,"9.05.1991ltdznjtvfz":54,"9.01.2002":53,"9.07E":52,"9.03E":50}