{"9.11E":260,"9.10E":160,"9.12.99.":160,"9.19E":110,"9.15lera9.15":100,"9.12152E":98,"9.1.1992":94,"9.11iloveyou":94,"9.12.1991":86,"9.18E":81,"9.14E":80,"9.12.1969":72,"9.13E":71,"9.11.1992":70,"9.12E":65,"9.10.1996":61,"9.10.1997.":60,"9.10.2010":58,"9.17E":58,"9.10604E":56,"9.10.1980.":53,"9.11.2001":53,"9.123":52,"9.10827E":51,"9.11e+11":50}