{"9.21E":250,"9.23203E":160,"9.20E":130,"9.29741e":81,"9.2063e":74,"9.20.2007":70,"9.23.10":58,"9.23E":55,"9.20329e":53}