{"9.31E":220,"9.30E":200,"9.39565E":84,"9.31021E":53,"9.34E":50,"9.37E":50}