{"9.51754E":520,"9.51753E":280,"9.51E":240,"9.52E":160,"9.51754e":110,"9.5.Sage":100,"9.51358E":93,"9.53E":78,"9.58014E":65,"9.59516E":63,"9.59.1":63,"9.57E":62,"9.55.3.2.4.7.1.":61,"9.59403E":60,"9.50E":58,"9.55998E":57,"9.51754e+11":55}