{"9.63853E":370,"9.6.1993":190,"9.61276E":160,"9.64E":140,"9.61273E":140,"9.69999E":130,"9.61E":120,"9.61275E":110,"9.63742E":110,"9.66503e":110,"9.63963E":92,"9.63259E":80,"9.6876":75,"9.63853e+11":72,"9.6.3.":69,"9.63E":69,"9.65E":65,"9.61272E":65,"9.60E":62,"9.66503E":61,"9.63853e":61}