{"9.87654E":1100,"9.88E":380,"9.87412E":150,"9.87105E":110,"9.87655E":91,"9.87988E":89,"9.87456E":83,"9.87E":76,"9.87654e":74,"9.83E":69,"9.80E":61,"9.8.7.":55,"9.89899E":55,"9.88.55.9":52,"9.84E":52,"9.87654e+11":50}