{"9.98878E":250,"9.90599E":200,"9.90E":140,"9.9.1985mojkAr":140,"9.99E":140,"9.9.9.":110,"9.99889E":110,"9.96634E":74,"9.9lives":70,"9.95E":67,"9.9.9.8.8.8":67,"9.97E":65,"9.9.1997":60,"9.9.26":59,"9.91E":57,"9.9.89":56,"9.94E":51}