{"4.3liter":100,"4.31E":82,"4.3.2.1.":80,"4.32E":73,"4.3.6.8.1.5.":71,"4.360769":66,"4.32524E":65,"4.30104E":65,"4.3.5.8.":62,"4.36742E":62,"4.36q":54,"4.342E":53,"4.36a":52,"4.32503E":50}