{"4.44444E":300,"4.4819E":180,"4.44E":170,"4.45567E":100,"4.43E":100,"4.46E":94,"4.42E":94,"4.4.1997":92,"4.48E":91,"4.4.4.":86,"4.4.1952":85,"4.49E":82,"4.4.1994":70,"4.45381E":68,"4.41E":63,"4.4.4.4.":62,"4.45566E":58,"4.47E":58,"4.40E":53,"4.42701E":50}