{"4.56852E":360,"4.56853E":250,"4.56E":210,"4.56789E":200,"4.56123E":160,"4.57E":150,"4.50E":130,"4.5.0.6":130,"4.56456E":120,"4.53E":99,"4.5679E":91,"4.51.2011.9494":90,"4.55E":84,"4.54E":84,"4.56655E":77,"4.51E":77,"4.56654E":72,"4.5.6.":69,"4.56133E":61,"4.58471E":58,"4.59E":58,"4.5k5z645":57}