{"4.68E":110,"4.63q":94,"4.63a":87,"4.60E":83,"4.63123":80,"4.6liter":80,"4.64.6":80,"4.606.092-1":76,"4.632":73,"4.66.4":73,"4.64946E":64,"4.63":64,"4.64.":63,"4.66E":60,"4.65E":60,"4.67094E":58,"4.678":57,"4.66.":55,"4.6mustang":54,"4.68.":51,"4.6789":50}