{"1.0203E":970,"1.02E":570,"1.02122E":550,"1.002E":400,"1.01E":400,"1.00E":310,"1.000.000":300,"1.03E":250,"1.0101E":230,"1.000":190,"1.04.1986":170,"1.09.1989":150,"1.09.2014albert":150,"1.04E":140,"1.0203e":130,"1.09E":130,"1.02e+11":110,"1.05E":95,"1.09877E":90,"1.08E":84,"1.03.1991":81,"1.0102E":78,"1.0":77,"1.00201E":77,"1.09.1989m":74,"1.07E":74,"1.00000000":71,"1.01112E":67,"1.01.11ivjymrf":65,"1.0271E":65,"1.000000":64,"1.08.2000":64,"1.02.03.0":62,"1.01.0":62,"1.06886E":59,"1.01wave":59,"1.07.2006.":59,"1.0203e+11":59,"1.01.01.0":57,"1.05519":57,"1.02e":56,"1.04.1970":56,"1.07.2005":54,"1.07.1992":54,"1.00002E":53,"1.06.2000":53,"1.02387E":52,"1.03.2005":50,"1.00":50}