{"1.11111E":5900,"1.12233E":3700,"1.1.1.":1200,"1.11E":1100,"1.12358E":780,"1.12E":780,"1.1.1.1.":750,"1.11222E":460,"1.1012E":410,"1.1.1.1.1.":270,"1.10E":250,"1.12233e":240,"1.11111e":210,"1.13E":210,"1.1":190,"1.1.1.1":170,"1.1011E":170,"1.1111111111e+015":170,"1.12.23.3":160,"1.14477E":150,"1.10.1992":150,"1.12234E":140,"1.16E":130,"1.10119E":130,"1.11112E":130,"1.12233e+11":130,"1.15567E":130,"1.11122E":130,"1.12e+11":120,"1.1k1b1z":110,"1.1997.1":110,"1.1.1954":110,"1.15E":110,"1.11213E":110,"1.1321akilam":100,"1.11.1988":100,"1.1321AKILAM":100,"1.1991.1":98,"1.17E":97,"1.11711E":97,"1.1.1":96,"1.11.1985":94,"1.12.pepe.03":90,"1.10.2007":88,"1.11.1998.":87,"1.11223E":85,"1.11444E":85,"1.1.2000":84,"1.1.8.0.5.":84,"1.1.58":83}