{"1.23457E":24000,"1.23321E":6500,"1.2.3.":6300,"1.23E":5800,"1.23456E":5300,"1.2.3.4.5.":3900,"1.2.3.4.":3300,"1.23123E":2800,"1.2.3.4.5.6.":2600,"1.2.3.4.5":2100,"1.2.3.4":1400,"1.23457e":1400,"1.2.3.4.5.6":1000,"1.2":800,"1.2.3.4.5.6.7.8.9.":780,"1.23e+11":640,"1.23457e+11":510,"1.23012E":480,"1.24E":460,"1.2k3z":410,"1.2.3.4.5.6.7.8.9.0.":400,"1.23e":400,"1.23655E":380,"1.2.3.4.5.6.7.8.":360,"1.21E":360,"1.2.3.4.5.6.7.":360,"1.23654E":340,"1.21314E":340,"1.2.3.a":320,"1.23699E":320,"1.23789E":310,"1.2.3.4.5.6.7.8.9":290,"1.2.3":290,"1.22E":250,"1.20E":250,"1.21212E":250,"1.23412E":240,"1.24578E":230,"1.2.3.4.5.6.7.8":220,"1.2a3d4g":210,"1.25E":200,"1.23451E":200,"1.23456":200,"1.23322E":200,"1.2308902":190,"1.23046E":180,"1.2302E":180,"1.2.3.0.":180,"1.23123e":160,"1.23456e":160}