{"1.31452E":2400,"1.34679E":330,"1.38762E":310,"1.35E":270,"1.3142E":250,"1.31E":240,"1.35792E":220,"1.3mega":220,"1.36E":210,"1.3468E":210,"1.31421E":180,"1.30E":180,"1.31413E":170,"1.34101E":160,"1.32E":160,"1.3megapixel":150,"1.37E":150,"1.30carbine":140,"1.39E":140,"1.3579E":130,"1.3.up555666_":130,"1.3.5.7.9.":120,"1.3.5.7.9.0":120,"1.35791E":110,"1.3028.4":110,"1.35246E":110,"1.38E":110,"1.34E":100,"1.33E":100,"1.3megapixels":100,"1.32435E":98,"1.31426E":86,"1.31313E":86,"1.3.5.7.9":85,"1.3.5.":83,"1.3metro":83,"1.31425E":76,"1.35565E":72,"1.32019E":71,"1.321obbah9":70,"1.321obbah11":70,"1.321obbah1":70,"1.321ob":68,"1.321obbah19":68,"1.321obbah69":68,"1.321ob9":68,"1.31453E":67,"1.321obbah91":66,"1.321ob1":66,"1.321obbah99":66}