{"1.47258E":1100,"1.47852E":430,"1.414213562":400,"1.48E":300,"1.41E":250,"1.47896E":220,"1.40E":200,"1.41593E":170,"1.41421356":170,"1.42536E":150,"1.4.7.":150,"1.4142135":150,"1.47E":140,"1.43E":110,"1.459-7b":110,"1.4.132b":100,"1.47147E":99,"1.47741E":97,"1.47259E":95,"1.49E":91,"1.46E":90,"1.47852e":85,"1.4142":85,"1.41421356237":85,"1.42857E":82,"1.45E":77,"1.42E":76,"1.42010-2014":76,"1.44E":72,"1.414213":60,"1.4789632552E":59,"1.45315E":58,"1.48794E":57,"1.47369E":53,"1.41516E":52,"1.47258e":51,"1.46.27.":51,"1.45215E":51}