{"1.59753E":1700,"1.59357E":1500,"1.59E":500,"1.53E":470,"1.59754E":440,"1.59358E":390,"1.59951E":380,"1.53246E":280,"1.56E":200,"1.5.2v1.4":190,"1.52E":190,"1.51E":180,"1.59753e":180,"1.50E":170,"1.54E":160,"1.59753e+11":150,"1.5":140,"1.59875E":120,"1.505105":110,"1.59357e":110,"1.59159E":110,"1.59357e+11":110,"1.57246":100,"1.57E":97,"1.5.9.7.5.3.":95,"1.59632E":92,"1.59e+11":86,"1.543416":80,"1.59952E":77,"1.53624E":75,"1.5070.7":74,"1.53246e":74,"1.53759E":73,"1.59789E":72,"1.59754e":69,"1.55E":67,"1.5.2":63,"1.59263E":63,"1.5.9.3.5.7":62,"1.5.63":62,"1.5wkzxcF":62,"1.56326E":61,"1.5142E":60,"1.51991":57,"1.5million":57,"1.58186E":57,"1.58E":54,"1.51.623":54,"1.5.9.":53,"1.5gjktdfz":52}