{"1.60E":770,"1.618phi":360,"1.618":340,"1.618033":210,"1.60e+11":210,"1.6.1993":210,"1.618033989":140,"1.60e":120,"1.61E":120,"1.69E":120,"1.6180339887":110,"1.6180339":110,"1.6.0.3.9.3":93,"1.6promille":91,"1.6.1995":84,"1.61803399":84,"1.6":81,"1.6.8.7":78,"1.68E":72,"1.68168E":71,"1.65E":71,"1.6180":70,"1.618033988fmc":56,"1.63E":54,"1.618ps":54,"1.62148E":52,"1.62.rbksvr":51,"1.61803":51,"1.6tigra":50}