{"1.7.1986":240,"1.71E":160,"1.772453851":140,"1.77245385":110,"1.7720045":98,"1.77E":93,"1.7t9r3d":82,"1.72E":80,"1.772453":68,"1.732050808":67,"1.73E":67,"1.79511E":64,"1.75E":60,"1.7.2":60,"1.7.0.5.8.8.":57,"1.7320508075689":52,"1.70E":50}