{"1.8turbo":430,"1.81E":140,"1.83E":140,"1.80E":130,"1.86E":96,"1.84E":96,"1.89E":86,"1.8.1992":80,"1.8k0t7y9m0rf":80,"1.82E":80,"1.8":79,"1.8taudi":73,"1.81818E":73,"1.8.1":73,"1.8CDi":73,"1.87E":71,"1.8million":69,"1.8.ccd1988":67,"1.82313E":66,"1.820vt":61,"1.8005E":56,"1.8liter":56,"1.8v-tec":54,"1.82838E":54,"1.88E":53,"1.85E":52,"1.8.1893.9.3":52,"1.84816E":52}