{"1.9841E":1500,"1.9861E":1500,"1.9881E":1400,"1.9871E":1400,"1.98611E":1400,"1.98812E":1300,"1.98712E":1300,"1.99E":1300,"1.98612E":1300,"1.98706E":1300,"1.98811E":1200,"1.98E":1200,"1.98711E":1100,"1.9891E":1100,"1.98512E":1100,"1.9851E":1000,"1.98912E":1000,"1.98707E":1000,"1.98511E":1000,"1.98708E":980,"1.98911E":970,"1.98412E":970,"1.98808E":950,"1.98701E":900,"1.98609E":900,"1.98709E":880,"1.9821E":870,"1.98705E":860,"1.98602E":850,"1.98312E":840,"1.98802E":840,"1.98702E":820,"1.98411E":810,"1.9831E":780,"1.98703E":770,"1.98803E":770,"1.98608E":760,"1.98606E":760,"1.98212E":750,"1.98809E":740,"1.98804E":730,"1.98605E":710,"1.98509E":710,"1.98801E":710,"1.98908E":700,"1.98704E":700,"1.98902E":690,"1.98311E":670,"1.98901E":670,"1.98903E":660}