{"9.87654E":1100,"9.51754E":520,"9.88E":380,"9.63853E":370,"9.51753E":280,"9.11E":260,"9.21E":250,"9.98878E":250,"9.01E":240,"9.51E":240,"9...":220,"9.31E":220,"9.90599E":200,"9.palavo.":200,"9.30E":200,"9.6.1993":190,"9.41E":170,"9.23203E":160,"9.61276E":160,"9.10E":160,"9.52E":160,"9.12.99.":160,"9.87412E":150,"9.00E":150,"9.90E":140,"9.61273E":140,"9.9.1985mojkAr":140,"9.99E":140,"9.64E":140,"9.69999E":130,"9.20E":130,"9.61E":120,"9.99889E":110,"9.51754e":110,"9.87105E":110,"9.19E":110,"9.61275E":110,"9.9.9.":110,"9.66503e":110,"9.63742E":110,"9.7.3":100,"9.5.Sage":100,"9.15lera9.15":100,"9.12152E":98,"9.71E":97,"9.1.1992":94,"9.11iloveyou":94,"9.51358E":93,"9.63963E":92,"9.87655E":91}