{"M!sty540.771959":360,"M!sty540.772000":350,"M!sty540.772014":340,"M!sty540.771973":340,"M!sty540.772016":340,"M!sty5402012-123771977":310,"M!sty5402012777771967":310,"M!sty5402012777771961":310,"M!sty5402012-123771967":300,"M!lfeulle1":230,"M!ch3ll3":210,"M!cr0s0ft":190,"M!chael1":180,"M!sty540.qwe":120,"M!cak!s":110,"M!keTyson":110,"M!H":110,"M!ch":110,"M!chael":110,"M!llw0rkStac3y":110,"M!lwaukee1976":110,"M!ch@el1":100,"M!xue@16":99,"M!chelle":98,"M!nd0fState":92,"M!tsuk0.":91,"M!sty540":90,"M!sty540z24":84,"M!ller23":82,"M!don_nice2":82,"M!cha3l":78,"M!sty5402012":77,"M!notaur666":76,"M!sty540.a1":74,"M!necraft":74,"M!sty5402d":73,"M!espo50":71,"M!dn!ght":70,"M!ch3lle":68,"M!chael3":66,"M!A":64,"M!cr0":64,"M!ch43l":64,"M!dn1ght":63,"M!N!JCW!":61,"M!cRo50fT":61,"M!l":61,"M!n3cr4ft":59,"M!sty5402012-":59,"M!che11e":56}