{"0.00000000":130000,"0.0":37000,"0.0000":17000,"0.123456":5300,"0.0.0.":5200,"0.123456789":5100,"0.00":4000,"0.0.0.0.":2400,"0.0.0.0.0.":770,"0.123":720,"0.00.0":700,"0.0.0.000":670,"0.0123":660,"0.1234":640,"0.0000000":580,"0.1.2.3.":580,"0.0.000":570,"0.12345678":490,"0.12345":430,"0.0.123":370,"0.0.0.0":360,"0.0.00.":340,"0.321456987":280,"0.0.":230,"0.12.1":230,"0.0.0":230,"0.000":220,"0.1134":220,"0.89kbnhfc0.89kbnhfc":220,"0.369874125":220,"0.0..0":210,"0.0.00..":210,"0.1.2.3":190,"0.30.600":190,"0...":190,"0.11.1":180,"0.0.0.1":180,"0.321456":170,"0.13.0":170,"0.11.0":170,"0.IMCfSmJV6zI-di":170,"0.0123456":170,"0.123456789/*-":170,"0.0.0.6237771":160,"0.1230.123":160,"0..10493":150,"0.3210":150,"0.OtpYiCBQFUg-di":150,"0.123123":150,"0.2399561":140}