{"z0.123456789":76,"z0.17887gh":72}