{"1.23457E":24000,"1.23321E":6500,"1.2.3.":6300,"1.11111E":5900,"1.23E":5800,"1.23456E":5300,"1.2.3.4.5.":3900,"1.12233E":3700,"1.2.3.4.":3300,"1.23123E":2800,"1.2.3.4.5.6.":2600,"1.31452E":2400,"1.2.3.4.5":2100,"1.59753E":1700,"1.9861E":1500,"1.59357E":1500,"1.9841E":1500,"1.23457e":1400,"1.2.3.4":1400,"1.9881E":1400,"1.9871E":1400,"1.98611E":1400,"1.98712E":1300,"1.98706E":1300,"1.98612E":1300,"1.99E":1300,"1.98812E":1300,"1.98811E":1200,"1.98E":1200,"1.1.1.":1200,"1.9891E":1100,"1.11E":1100,"1.98512E":1100,"1.47258E":1100,"1.98711E":1100,"1.98707E":1000,"1.98511E":1000,"1.9851E":1000,"1.98912E":1000,"1.2.3.4.5.6":1000,"1.98708E":980,"1.98911E":970,"1.0203E":970,"1.98412E":970,"1.98808E":950,"1.98609E":900,"1.98701E":900,"1.98709E":880,"1.9821E":870,"1.98705E":860}