{"5.20131E":3300,"5.0mustang":1200,"5.21131E":740,"5.21126E":590,"5.9cummins":480,"5.55556E":460,"5.149.212.198":430,"5.84521E":390,"5.20521E":390,"5.8452E":390,"5.84131E":360,"5.56mm":300,"5.21522E":300,"5.248.85.21":290,"5.56E":280,"5.72532E":260,"5.135.164.11":260,"5.0stang":260,"5...":260,"5.star":240,"5.248.87.67":240,"5.56nato":230,"5.04105E":200,"5.11E":200,"5.56x45mm":190,"5.august":190,"5.5.5.":190,"5.248.84.21":170,"5.4.1996":170,"5.2052E":170,"5.35461E":160,"5.3.1997qws97":160,"5.88115E":160,"5.41508E":160,"5.20E":150,"5.7hemi":150,"5.12FVr":150,"5.20123E":140,"5.26E":140,"5.someone":140,"5.70E":140,"5.93E":130,"5.21E":130,"5.21521E":130,"5.4.3.2.1.":130,"5.20199E":120,"5.22E":120,"5.5.5.5.":120,"5.9.1.23":110,"5.23E":110}