{"wsadwsad":10000,"wsad123":5300,"wsad1234":3800,"wsaddasw":2200,"wsadqe":2200,"wsad":2200,"wsad12":1700,"wsad8246":1100,"wsadqe123":1000,"wsad12345":990,"wsadwsad1":960,"wsad8546":900,"wsad123456":860,"wsader":840,"wsadws":780,"wsad128500":710,"wsadeq":680,"wsawsa":630,"wsad11":590,"wsae1308":580,"wsa123":570,"wsa":560,"wsadwsad123":560,"wsadwsadwsad":550,"wsaenotsock":520,"wsawsd":480,"wsadjkl":370,"wsad5213":370,"wsaqwsaq":360,"wsadeq123":340,"wsadikjl":330,"wsadwsad2":330,"wsadmin":320,"wsad111":310,"wsadqe13":310,"wsawsdwe":300,"wsad1":300,"wsaa231877712014":300,"wsaw49":290,"wsaa2318.7771982":290,"wsamoa":280,"wsaa231877711971":280,"wsadqe1":280,"wsadq1234":270,"wsaa23187771956":270,"wsaa2318.7771990":270,"wsaa2318.7772005":270,"wsad19860724b":260,"wsaa23187772003":260,"wsad0123":260}