{"p3.14159":120,"p3.1415926":120,"p3.14159i":72,"p3.1415i":69,"p3.pp3.":59}