{"2.00E":1500,"2.0082E":1200,"2.01E":1100,"2.71828":710,"2.22222E":650,"2.2222":490,"2.58258E":490,"2.0072E":470,"2.718281828":400,"2...":390,"2.24E":370,"2.0062E":370,"2.2.2.":360,"2.22E":320,"2.10E":270,"2.00503E":250,"2.51E":250,"2.0092E":240,"2.21E":240,"2.3838E":240,"2.92E":230,"2.31E":230,"2.0turbo":220,"2.0052E":220,"2.4ghz":220,"2.0071E":210,"2.30E":200,"2.25556E":200,"2.die.4":190,"2.00511E":190,"2.4681E":190,"2.41E":180,"2.52578E":180,"2.00603E":180,"2.06.87.":180,"2.00311E":170,"2.0061E":170,"2.9.1993":170,"2.00812E":170,"2.12E":170,"2.91E":170,"2.61E":170,"2.192-3z":170,"2.0021E":170,"2.01314E":170,"2.81E":170,"2.00501E":170,"2.0041E":160,"2.0031E":160,"2.0042E":160}