{"8.12.91":220,"8.11E":170,"8.10E":140,"8.10.1995":130,"8.11.1991":120,"8.10.1998":79,"8.1.1991":79,"8.10.6.arm":76,"8.1":75,"8.1.0.2.6.5.3":70,"8.12.83":68,"8.12E":66,"8.111977":65,"8.17E":62,"8.12.1954":59,"8.13.88.r":59,"8.147.1.6.":58,"8.10.21.26.9":57,"8.10902E":54,"8.10.1992":54,"8.18284E":52,"8.12xsta":50,"8.11002E":50,"8.18E":50}