{"8.20E":490,"8.21E":130,"8.20614E":130,"8.25E":95,"8.20515E":63,"8.25932E":63,"8.2043E":62,"8.271engec":61,"8.22E":59,"8.29E":55,"8.20509E":53,"8.25932e":51,"8.20128E":50}