{"8.31E":140,"8.3103E":120,"8.30102E":110,"8.38328E":110,"8.314472":84,"8.3.2.5":79,"8.3614927":76,"8.30102e":71,"8.3418983-133":59,"8.30E":57,"8.33E":55,"8.30519E":53,"8.35709E":52,"8.39E":52}