{"8.52457E":480,"8.52E":220,"8.5.2000":110,"8.51E":110,"8.50E":110,"8.59E":84,"8.52085E":82,"8.52853E":76,"8.51213E":73,"8.51227E":72,"8.5.1997":69,"8.50704E":62,"8.5inches":61,"8.56E":61,"8.53E":57,"8.51224E":56,"8.51026E":55,"8.52457e+11":55,"8.5.yurij1979":55,"8.5.2.0":54,"8.52655E":52,"8.50416E":52,"8.51211E":51}