{"8.60E":200,"8.61E":180,"8.60512E":98,"8.65E":97,"8.63E":70,"8.6.1989a":65,"8.60126E":64,"8.69E":63,"8.6556":56,"8.64E":54,"8.67531E":54,"8.61109E":50}