{"8.71E":250,"8.70E":150,"8.77E":99,"8.7.6.2.":83,"8.73E":81,"8.74E":73,"8.70921E":70,"8.76543E":65,"8.777.174.32.64":58,"8.70607E":52,"8.72E":52}