{"8.88889E":690,"8.8077E":290,"8.81E":250,"8.8.8.":210,"8.80E":170,"8.85E":130,"8.89E":130,"8.82E":120,"8.8.09":120,"8.8.888jahre0":100,"8.8.888JAHRE0":100,"8.8.888jahre":93,"8.88888E":81,"8.8.8.8.":71,"8.88E":67,"8.80506E":66,"8.87202E":59,"8.80922E":56,"8.81122E":52}