{"2.00E":1500,"2.0082E":1200,"2.01E":1100,"2.0072E":470,"2.0062E":370,"2.00503E":250,"2.0092E":240,"2.0turbo":220,"2.0052E":220,"2.0071E":210,"2.00511E":190,"2.00603E":180,"2.06.87.":180,"2.0021E":170,"2.01314E":170,"2.00501E":170,"2.00812E":170,"2.0061E":170,"2.00311E":170,"2.0041E":160,"2.0031E":160,"2.0042E":160,"2.00631E":150,"2.00404E":150,"2.00601E":150,"2.00605E":150,"2.02E":150,"2.00912E":140,"2.0102E":140,"2.0032E":140,"2.00604E":140,"2.00306E":130,"2.0":130,"2.00504E":130,"2.00808E":130,"2.00505E":130,"2.00602E":130,"2.00711E":120,"2.03E":120,"2.0081E":120,"2.0022E":120,"2.0012E":120,"2.00512E":120,"2.00805E":120,"2.00712E":110,"2.00709E":110,"2.00412E":110,"2.0051E":110,"2.00707E":110,"2.00211E":110}