{"2.10E":270,"2.192-3z":170,"2.12E":170,"2.11E":160,"2.13E":150,"2.1.2my!":120,"2.17E":110,"2.10.1995":110,"2.1.1998":110,"2.19319E":100,"2.19E":98,"2.10006E":97,"2.11314E":96,"2.12.1997":95,"2.16E":94,"2.1370.1991.4":85,"2.10.":81,"2.18E":78,"2.12.1996":66,"2.11.66m":65,"2.1.1.0.vlad":64,"2.15E":62,"2.10.1997":60,"2.11.90":59,"2.1223E":58,"2.12.1991":56,"2.14E":55,"2.120.15.101":54,"2.10003E":53,"2.1.1996":53,"2.1.0.5.4.7.":51}