{"2.22222E":650,"2.2222":490,"2.24E":370,"2.2.2.":360,"2.22E":320,"2.21E":240,"2.25556E":200,"2.20E":160,"2.25E":120,"2.2turbo":120,"2.2vtec":110,"2.29E":100,"2.26E":96,"2.22333E":86,"2.2.2.2.":81,"2.29751E":68,"2.27E":65,"2.23E":64,"2.28E":64,"2.2.8.":60,"2.2ictdi":60,"2.2.1995":58,"2.20201e":57,"2.2swords":56,"2.2.2.2.2.":55,"2.22.93":55,"2.24236E":55,"2.20105E":55,"2.21221E":54,"2.2.2009V":51,"2.236067977":50,"2.20201E":50}