{"2.3838E":240,"2.31E":230,"2.30E":200,"2.3.5.8.0.":120,"2.33E":120,"2.3turbo":100,"2.36E":100,"2.3288E":95,"2.35711E":90,"2.32E":89,"2.30104E":80,"2.34E":78,"2.37E":69,"2.35E":69,"2.30289E":67,"2.34452E":66,"2.38E":64,"2.32323E":58,"2.32425E":55,"2.351334688":53,"2.3liter":51}