{"2.4ghz":220,"2.4681E":190,"2.41E":180,"2.4.7.3.":150,"2.4.6.8.0.":140,"2.40E":110,"2.44346E":110,"2.43--01.":97,"2.46E":91,"2.47E":89,"2.48E":87,"2.43E":86,"2.40.512":83,"2.4turbo":80,"2.42E":76,"2.42.4":63,"2.4vash":58,"2.4681e":56,"2.49E":54,"2.4.6.8.":53,"2.44346e":52,"2.40551E":52,"2.4comuter":50}