{"2.58258E":490,"2.51E":250,"2.52578E":180,"2.58456E":150,"2.51314E":150,"2.59E":150,"2.5j2.5":140,"2.50E":130,"2.56E":120,"2.5Million":110,"2.58E":92,"2.5turbo":91,"2.51k44z":77,"2.53E":74,"2.5million":74,"2.58963E":74,"2.5tdi":73,"2.57E":72,"2.52E":66,"2.54E":64,"2.5":63,"2.58457E":61,"2.54586E":60,"2.52513E":55,"2.59776E":54,"2.55E":53,"2.5741":53,"2.58259E":52,"2.5.a.c.":50,"2.52036E":50}