{"2.61E":170,"2.62E":160,"2.69E":120,"2.645751311":110,"2.66E":86,"2.65E":82,"2.63E":69,"2.63487E":66,"2.68E":54,"2.64E":53,"2.68427E":51,"2.68497E":51}