{"2.71828":710,"2.718281828":400,"2.71E":130,"2.7.3.6.":120,"2.70E":110,"2.718281829":95,"2.72E":86,"2.718281828459045":83,"2.71828182":82,"2.7182818":71,"2.74E":67,"2.7772.33.2":65,"2.718281828VeL":63,"2.71e+11":59,"2.71828183":58,"2.76E":57,"2.7.1985":55,"2.718281":54,"2.71828e":53,"2.70363E":53,"2.7.1.1.7.6":52,"2.7182818284":50}