{"2.81E":170,"2.80E":160,"2.8.2002":130,"2.81828459045":110,"2.80928e":82,"2.8.80":78,"2.89.197.30":73,"2.86E":72,"2.8k1z1":67,"2.82E":66,"2.8capri":61,"2.83E":55,"2.8.1993":53,"2.83678E":51}