{"Pi314159":3600,"Pi31415926":2000,"Pi3141592":710,"Pi321334":650,"Pi314159265":580,"Pi3141592654":510,"Pi31415":500,"Pi3.1415":460,"Pi3.14159":400,"Pi3141":320,"Pi3.1415926":300,"Pi31415926535":220,"Pi328524":160,"Pi33auto":150,"Pi3":140,"Pi314Tel221834":130,"Pi31c4ftdT":120,"Pi3dets":100,"Pi31415427":92,"Pi314159g7atg":86,"Pi3komma14":82,"Pi33ardd":81,"Pi31416":77,"Pi3.1415927":75,"Pi3142":67,"Pi3141noob":67,"Pi3DecI3":66,"Pi3.141592654":65,"Pi3.1415926535":64,"Pi3141592653":64,"Pi314":60,"Pi334242":59}