{"DAVID":12000,"DAVIDE":5300,"DAVID1":4400,"DAVID123":2800,"DAVJAN":1600,"DAVIDSON":1500,"DAVIDS":1400,"DAVE":1300,"DAVIS":970,"DAVINCI":920,"DAVID12":740,"DAVIES":710,"DAVIDA":610,"DAVIDstark123":590,"DAVIDO":570,"DAV":550,"DAV2cyD3":500,"DAVENPORT":490,"DAVINA":480,"DAVID2":460,"DAVID1234":460,"DAVIDD":450,"DAVIDQ":450,"DAVIDOFF":440,"DAVID12345":430,"DAVIS1":420,"DAVIDC":410,"DAVIDVILLA":410,"DAVIDDAVID":400,"DAVID01":400,"DAVIDKA":390,"DAVIDK":380,"DAVID11":370,"DAVID777":360,"DAVIDB":360,"DAVION":350,"DAVIDKO":340,"DAVI":340,"DAVIDGRICAEV":320,"DAVILA":310,"DAVID2009":310,"DAVEDAVE":310,"DAVY0902112301986":310,"DAVY0902112301961":310,"DAVY09021.1231958":310,"DAVY09021.1231982":310,"DAVIDANGEL83":300,"DAVY09021.1232005":300,"DAVY0902112301977":300,"DAVY0902112301997":300}