{"7.08.95":100,"7.07.1988":98,"7.05.2002":96,"7.00348E":78,"7.02.92":77,"7.07E":74,"7.01E":66,"7.01.1988":65,"7.00E":65,"7.01.1994":60,"7.00348e":58,"7.03452E":57,"7.05.1997":57,"7.07.70-":55,"7.02E":51,"7.03.1994":51}