{"7.10.1986":190,"7.11.1997":99,"7.10.1980":95,"7.11.88":95,"7.11terka":84,"7.11.2000":84,"7.18E":80,"7.10.1992":76,"7.10.05.":74,"7.12.1994":69,"7.18.1986":67,"7.11E":63,"7.15795E":63,"7.11.90":62,"7.11698":56,"7.15.21":55,"7.15E":55,"7.10E":53,"7.10132e":53,"7.12036E":52,"7.14ia":52}