{"7.21522E":1500,"7.21E":110,"7.22E":91,"7.21521E":88,"7.2.92.d":86,"7.24E":78,"7.20E":65,"7.2.2006mar":61,"7.23E":55}