{"7.41853E":400,"7.41742E":300,"7.41085E":280,"7.4.54n":170,"7.41E":140,"7.41074E":110,"7.42617E":92,"7.45E":88,"7.43E":82,"7.42E":82,"7.41237E":73,"7.47.ru":66,"7.46E":65,"7.49E":65,"7.41002E":64,"7.4.55":62,"7.4179E":62,"7.46147E":58,"7.40E":53,"7.44E":51}