{"7.53952E":580,"7.53951E":300,"7.54E":240,"7.53159E":110,"7.5.97":94,"7.58E":90,"7.51E":90,"7.53952e+11":80,"7.58259E":79,"7.53952e":77,"7.53E":73,"7.57772E":73,"7.5316E":69,"7.57779E":62,"7.55E":61,"7.52E":55,"7.59289E":51}