{"7.65612e":2300,"7.65612E":2100,"7.62x39":520,"7.62x54r":320,"7.62mm":290,"7.62x39mm":220,"7.62nato":200,"7.65432E":150,"7.62x54":150,"7.62x51mm":100,"7.61E":95,"7.62x51":88,"7.60E":79,"7.62x54R":74,"7.63E":74,"7.64E":64,"7.62x53":60,"7.62":60,"7.62mmfmj":54}