{"7.7088E":2500,"7.75852E":1300,"7.75826E":1100,"7.76284E":380,"7.77778E":370,"7.7.1992":270,"7.71881E":200,"7.70881E":200,"7.75885E":190,"7.7.7.":180,"7.78899E":180,"7.77E":170,"7.79E":160,"7.789E":120,"7.70E":120,"7.78E":110,"7.77778e":100,"7.7.7.7.":100,"7.76E":100,"7.78852E":86,"7.73E":84,"7.75E":80,"7.71E":74,"7.7.1997":66,"7.7entre":60,"7.74412E":58,"7.72E":53,"7.7797.ru":51,"7.7.7.7.7.7.7.":50}