{"7.89456E":810,"7.89E":230,"7.89512E":230,"7.89457E":200,"7.81E":150,"7.8979E":120,"7.86254E":120,"7.89632E":93,"7.89654E":88,"7.89789E":83,"7.89987E":81,"7.89123E":80,"7.84513E":80,"7.85E":76,"7.84952E":73,"7.80E":72,"7.84E":69,"7.88E":64,"7.85215E":63,"7.8.98":61,"7.84534E":59,"7.89853E":58,"7.86E":57,"7.81203E":52,"7.8.1990":50}