{"7.90E":210,"7.91E":130,"7.9013E":110,"7.9ar":100,"7.94614E":90,"7.98E":69,"7.91124E":57,"7.90211E":54,"7.99.7":53,"7.99E":51}