{"a3.1415926":210,"a3.14159":73}