{"8.88889E":690,"8.20E":490,"8.52457E":480,"8.8077E":290,"8.81E":250,"8.71E":250,"8.52E":220,"8.12.91":220,"8...":210,"8.8.8.":210,"8.boyboy":210,"8.60E":200,"8.91E":200,"8.61E":180,"8.80E":170,"8.11E":170,"8.07E":160,"8.70E":150,"8.10E":140,"8.06.1991":140,"8.00E":140,"8.46E":140,"8.31E":140,"8.90E":140,"8.89E":130,"8.85E":130,"8.20614E":130,"8.21E":130,"8.01E":130,"8.10.1995":130,"8.9.0.":130,"8.8.09":120,"8.41E":120,"8.3103E":120,"8.40E":120,"8.82E":120,"8.11.1991":120,"8.90524E":110,"8.51E":110,"8.5.2000":110,"8.50E":110,"8.4.6":110,"8.38328E":110,"8.9k10":110,"8.30102E":110,"8.gif":110,"8.8.888JAHRE0":100,"8.8.888jahre0":100,"8.922.322.49.64.":100,"8.77E":99}