{"0.00000000":130000,"0.0":37000,"0.0000":17000,"0.0.0.":5200,"0.00":4000,"0.0.0.0.":2400,"0.0.0.0.0.":770,"0.00.0":700,"0.0.0.000":670,"0.0123":660,"0.0000000":580,"0.0.000":570,"0.0.123":370,"0.0.0.0":360,"0.0.00.":340,"0.0.0":230,"0.0.":230,"0.000":220,"0.0.00..":210,"0.0..0":210,"0.0.0.1":180,"0.0123456":170,"0.0.0.6237771":160,"0.0030":130,"0.00E":130,"0.0..01":99,"0.0027":97,"0.000000001":96,"0.000000000":95,"0.00-000000":94,"0.000000000.00000000":94,"0.00000000a":94,"0.00000000q":93,"0.00000000_":93,"0.00000000c":93,"0.0.0.0.0.0.":92,"0.00000000asd":92,"0.000000003":92,"0.00000000-":92,"0.000000002":92,"0.00_000000":92,"0.00000000!":91,"0.00000000zxc":91,"0.00000000qwe123":91,"0.00000000acd":91,"0.00000000qwer":91,"0.0.2":91,"0.00000000rus":90,"0.0.00":90,"0.0020":90}