{"0.123456":5300,"0.123456789":5100,"0.123":720,"0.1234":640,"0.1.2.3.":580,"0.12345678":490,"0.12345":430,"0.12.1":230,"0.1134":220,"0.1.2.3":190,"0.11.1":180,"0.123456789/*-":170,"0.13.0":170,"0.11.0":170,"0.1230.123":160,"0.123123":150,"0.1":120,"0.13.1":120,"0.123789":120,"0.1566301":110,"0.123456+789+/*-":110,"0.123654":100,"0.1rekcozzock9852":100,"0.142857":99,"0.10.20.3":97,"0.123456789/*":93,"0.123456a":88,"0.134679":84,"0.1.2.3.4.":81,"0.123456789/*-+":81,"0.1.2.3.4.5":80,"0.12.0":79,"0.10.0":74,"0.1.2.3a":72,"0.1415926":71,"0.123456+":70,"0.124578":70,"0.12455a":69,"0.12345ww":67,"0.1.2.3.4":67,"0.1234567":64,"0.1415927":63,"0.123.0":60,"0.123456789qwer":56,"0.123456789+":55,"0.15987532":55,"0.123456123":54,"0.1234569":53,"0.123.":50,"0.1ikswonoroK":50}