{"0.321456987":280,"0.369874125":220,"0.30.600":190,"0.321456":170,"0.3210":150,"0.3698741":130,"0.36987":120,"0.369":100,"0.30.30.3":85,"0.30.3":82,"0.331988":79,"0.321":78,"0.3210.321":74,"0.3":73,"0.321456987!vova":67,"0.369852147":67,"0.36bn13":64,"0.321456987!v":55,"0.321654":54,"0.369*":53}