{"0.7931505":130,"0.7831505":90,"0.7734":87,"0.789456123":81,"0.7.0.8.":72,"0.708JD":56,"0.743498":54}