{"0.9.8.7.6.":100,"0.9eFpdDjmbRc-di":81,"0.9":74,"0.9sb213":62,"0.999847741":58,"0.987654321":50}