{"kkwp627":760,"kkwq5iH43N":740,"kkwwaaqq1":530,"kkw12345":330,"kkww7722-772008":300,"kkww7722-771976":300,"kkww77227771989":300,"kkww7722-771996":290,"kkww7722-771975":290,"kkww7722-771984":280,"kkww77221967":280,"kkww77222003":280,"kkww7722-771952":280,"kkww77221972":270,"kkww77221977":250,"kkww77221231231974":240,"kkwong220":240,"kkww77221231231963":240,"kkww7722.123121957":240,"kkww77221231231997":230,"kkww77221231231970":230,"kkww77221231232003":230,"kkww77221231232005":230,"kkww7722.123121968":220,"kkwkkw":200,"kkw1234":190,"kkw123":180,"kkw":170,"kkwnuzee":160,"kkwillis":160,"kkwilliams":150,"kkw18488":140,"kkwong":130,"kkwtdodo33":130,"kkwoka":130,"kkwillam12":120,"kkwbh6tf":110,"kkwr8923":110,"kkwang":110,"kkwypp4":110,"kkwexg2":100,"kkwong01":98,"kkwl1984":98,"kkw1004":91,"kkwpinky":85,"kkwl1985":85,"kkworld":85,"kkwashere1":82,"kkwtem77":80,"kkww7722":79}