{"6.66667E":480,"6...":320,"6.67E":310,"6.43a":260,"6.54321E":260,"6.6.6.":230,"6.43q":220,"6.43":210,"6.54322E":190,"6.7cummins":180,"6.432":180,"6.66E":180,"6.43123":180,"6.1.1994proof":170,"6.042963902":170,"6.1.mato":170,"6.55957":170,"6.022e23":160,"6.star":160,"6.3.2011":150,"6.5612e":140,"6.11.1997":140,"6.01.93":140,"6.5612E":130,"6.0gekko17":130,"6.00E":130,"6.FjgBtl452":120,"6.05.93":120,"6.51E":110,"6.64E":110,"6.5.4.3.2.1.":110,"6.oktober":110,"6.025.206":100,"6.46.4a":100,"6.uetehtthematheu":100,"6.31E":100,"6.81E":100,"6.gif":98,"6.11.1992":95,"6.55E":91,"6.07031E":90,"6.12.1996":90,"6.69E":89,"6.67x-11":88,"6.11geb2":87,"6.52E":87,"6.94E":86,"6.26E":86,"6.19.168":85,"6.23E":85}