{"3.1415926":20000,"3.14159":7300,"3.141592654":6700,"3.14159265":5100,"3.1415":3900,"3.141592":3400,"3.1416":3100,"3.1415926535":3000,"3.141592653":2000,"3.1415927":1100,"3.14159E":980,"3.14159265358979":910,"3.14":870,"3.141516":600,"3.14159265358":540,"3.14pltw":540,"3.14zdec":500,"3.141592653589":470,"3.14159265359":380,"3.141592pi":350,"3.1416pi":330,"3.14159pi":290,"3.123E":280,"3.1415926536":250,"3.14pie":250,"3.123e+11":240,"3.141592653589793":230,"3.142857":230,"3.123e":220,"3.1428":210,"3.1415926535897":200,"3.141":190,"3.12.2000":180,"3.14pi":180,"3.1415pi":170,"3.1415926a":170,"3.14E":170,"3.1428571":160,"3.1415926757":160,"3.14159267":160,"3.14159261":150,"3.14ispi":150,"3.10.1997":140,"3.1415926535897932":140,"3.141616":130,"3.14159265358979323":120,"3.14159a":110,"3.13E":110,"3.11E":110,"3.141592654pi":110}