{"3.2.99cp":220,"3.21321E":200,"3.243f6a":180,"3.21E":170,"3.2megapixel":160,"3.21655E":130,"3.20123E":120,"3.29E":110,"3.22E":110,"3.2.1.":110,"3.2.99c":110,"3.21123E":110,"3.23E":110,"3.2.1994":100,"3.2.99cp0":100,"3.2.99CP0":100,"3.2.99C":100,"3.214777365":97,"3.21322E":89,"3.2239294123E":77,"3.20E":76,"3.20.73.":69,"3.2.9.":61,"3.27848E":61,"3.20724E":60,"3.20324E":59,"3.21032E":58,"3.20722E":55,"3.24E":53,"3.26E":52,"3.21654E":51}