{"3.3.3.":720,"3.33333E":350,"3.34452E":190,"3.31E":170,"3.34554E":140,"3.33E":140,"3.3.3.3.":130,"3.30E":110,"3.3":110,"3.3b3.3b":110,"3.3.3.3":110,"3.3.8.8.r":93,"3.3.2.2.":85,"3.3296E":82,"3.34E":77,"3.33444E":75,"3.34336e":73,"3.32E":71,"3.36699E":71,"3.333e3":64,"3.38E":62,"3.36513E":61,"3.3.8.6.f.a":61,"3.38523E":59,"3.3.1994":59,"3.3123":58,"3.3.3":58,"3.3.1996":57,"3.3.":57,"3.39E":53,"3.35E":52}