{"3.54.0123456789ABCDEF":590,"3.51E":89,"3.5.1992":80,"3.57159E":69,"3.5.2000":68,"3.57E":59,"3.54E":55,"3.55E":52,"3.50E":51,"3.5.7.9.9.7.7.8.2.":50}