{"3.69258E":240,"3.69369E":220,"3.6.9.":140,"3.6.13.eyb":120,"3.69E":120,"3.61E":99,"3.6.3DbrekZ":74,"3.63E":73,"3.64E":69,"3.6.89":69,"3.6.1990":66,"3.65E":64,"3.62E":52,"3.66E":51}