{"47.8369":130,"47.836":130,"47.8369a":100,"47.2":86,"47.8369q":81,"47.asa.47":73,"47.17.7":69,"47.38.98.":64,"47.83":63,"47.07.18":55,"47.8369123":52,"47.83692":50}