{"34.6789":3400,"34.678":2700,"34.6a":2400,"34.6q":1800,"34.67":1500,"34.6789a":1300,"34.6aa":1100,"34.qwert":1100,"34.67890":1000,"34.6789q":1000,"34.6aq":950,"34.6a2":920,"34.6a123":910,"34.6qq":760,"34.6qa":740,"34.qwe":710,"34.6q2":710,"34.6q123":680,"34.qwer":590,"34.67890q":590,"34.6789aa":580,"34.6789a123":530,"34.6789aq":530,"34.aa":520,"34.6789a2":520,"34.aq":500,"34.a123":490,"34.qq":490,"34.a2":480,"34.qa":480,"34.qwert123":480,"34.a":470,"34.6789qq":460,"34.qwertq":460,"34.q2":450,"34.qwert2":450,"34.qwerta":450,"34.q123":450,"34.6z":450,"34.6123":450,"34.62":440,"34.67a":440,"34.6789qa":440,"34.67890a":440,"34.6":440,"34.67q":430,"34.6789q123":420,"34.6789q2":410,"34.q":380,"34.6s":370}