{"7.7088E":2500,"7.65612e":2300,"7.65612E":2100,"7.21522E":1500,"7.75852E":1300,"7.75826E":1100,"7.89456E":810,"7.53952E":580,"7.62x39":520,"7.41853E":400,"7.76284E":380,"7.77778E":370,"7.62x54r":320,"7.53951E":300,"7.41742E":300,"7.62mm":290,"7.41085E":280,"7.7.1992":270,"7.54E":240,"7.89512E":230,"7.89E":230,"7.62x39mm":220,"7.90E":210,"7...":210,"7.89457E":200,"7.62nato":200,"7.71881E":200,"7.70881E":200,"7.10.1986":190,"7.75885E":190,"7.3powerstroke":190,"7.Passwort":180,"7.7.7.":180,"7.78899E":180,"7.4.54n":170,"7.77E":170,"7.79E":160,"7.81E":150,"7.62x54":150,"7.65432E":150,"7.novembar.2007":140,"7.31E":140,"7.41E":140,"7.91E":130,"7.30E":130,"7.3diesel":130,"7.86254E":120,"7.70E":120,"7.8979E":120,"7.789E":120}