{"tpko0vae":770,"tpk123":420,"tpktpk":330,"tpkrda6b1-01974":310,"tpkrda6b1012013":310,"tpkrda6b1-02011":290,"tpkrda6b1012000":280,"tpkrda6b1.71963":280,"tpkrda6b1.71980":280,"tpkrda6b1771972":280,"tpkrda6b1.71991":280,"tpkrda6b1771989":270,"tpkrda6b1771974":270,"tpkrda6b1-01952":270,"tpkrda6b1-01951":270,"tpk":260,"tpkrda6b1.71982":260,"tpkrda6b1011985":260,"tpkrda6b1011965":260,"tpkrda6b1771954":260,"tpkrda6b1772005":260,"tpkrda6b1772016":250,"tpkrda6b1011969":240,"tpkrda6b1":180,"tpkcpt9":150,"tpklmq9668":150,"tpkrda6b1-":150,"tpkcpt49":150,"tpkrdab":150,"tpk32abc":150,"tpknff":120,"tpk4life":120,"tpkrda6b1772012001777":120,"tpk979":120,"tpkrda6b2":110,"tpkvtngg8":110,"tpk21717":110,"tpkleader":110,"tpkrda6b1tpkrda6b1":100,"tpkrda6b1019":100,"tpkrda6b21123":100,"tpk466327":100,"tpkzshpvzgz":100,"tpkrda6b1-tpkrda6b1":100,"tpkrdab-tpkrdab":100,"tpkrda6b1.":97,"tpk2001":97,"tpkd3842":93,"tpkiong553":93,"tpk12345":89}