{"4.56852E":360,"4.44444E":300,"4.56853E":250,"4.56E":210,"4.56789E":200,"4...":190,"4.alex":190,"4.4819E":180,"4.12.84":180,"4.03.1972":170,"4.44E":170,"4.01.98":170,"4.ever":160,"4.56123E":160,"4.57E":150,"4.5.0.6":130,"4.gif":130,"4.05.2008":130,"4.50E":130,"4.zdq6":120,"4.56456E":120,"4.oktober1997":120,"4.gf4.gc":120,"4.murat":120,"4.70E":120,"4.0gpa":110,"4.7nimda":110,"4.kzirf184":110,"4.85E":110,"4.JuniSvenja":110,"4.68E":110,"4.1.2006":110,"4.anomissimganasd":110,"4.10E":100,"4.43E":100,"4.45567E":100,"4.Sudana2":100,"4.dic.05":100,"4.20E":100,"4.3liter":100,"4.53E":99,"4.2.0.":96,"4.63q":94,"4.22E":94,"4.14.44":94,"4.42E":94,"4.46E":94,"4.01.93":93,"4.7gb120":92,"4.4.1997":92}